--
-- PostgreSQL database dump
--

-- Dumped from database version 16.1
-- Dumped by pg_dump version 16.1

SET statement_timeout = 0;
SET lock_timeout = 0;
SET idle_in_transaction_session_timeout = 0;
SET client_encoding = 'UTF8';
SET standard_conforming_strings = on;
SELECT pg_catalog.set_config('search_path', '', false);
SET check_function_bodies = false;
SET xmloption = content;
SET client_min_messages = warning;
SET row_security = off;

SET default_tablespace = '';

SET default_table_access_method = heap;

--
-- Name: comments; Type: TABLE; Schema: public; Owner: postgres
--

CREATE TABLE public.comments (
    id integer NOT NULL,
    subject character varying(200) NOT NULL,
    content text NOT NULL,
    post_id integer,
    user_id integer,
    created_at timestamp with time zone DEFAULT now(),
    updated_at timestamp with time zone DEFAULT now()
);


ALTER TABLE public.comments OWNER TO postgres;

--
-- Name: comments_id_seq; Type: SEQUENCE; Schema: public; Owner: postgres
--

ALTER TABLE public.comments ALTER COLUMN id ADD GENERATED ALWAYS AS IDENTITY (
    SEQUENCE NAME public.comments_id_seq
    START WITH 1
    INCREMENT BY 1
    NO MINVALUE
    NO MAXVALUE
    CACHE 1
);


--
-- Name: courses; Type: TABLE; Schema: public; Owner: postgres
--

CREATE TABLE public.courses (
    id integer NOT NULL,
    name character varying(50),
    price integer,
    created_at timestamp without time zone DEFAULT now(),
    updated_at timestamp without time zone DEFAULT now()
);


ALTER TABLE public.courses OWNER TO postgres;

--
-- Name: courses_id_seq; Type: SEQUENCE; Schema: public; Owner: postgres
--

ALTER TABLE public.courses ALTER COLUMN id ADD GENERATED BY DEFAULT AS IDENTITY (
    SEQUENCE NAME public.courses_id_seq
    START WITH 1
    INCREMENT BY 1
    NO MINVALUE
    NO MAXVALUE
    CACHE 1
);


--
-- Name: posts; Type: TABLE; Schema: public; Owner: postgres
--

CREATE TABLE public.posts (
    id integer NOT NULL,
    title character varying(50),
    content character varying(200),
    created_at timestamp with time zone DEFAULT now(),
    updated_at timestamp with time zone DEFAULT now()
);


ALTER TABLE public.posts OWNER TO postgres;

--
-- Name: posts_id_seq; Type: SEQUENCE; Schema: public; Owner: postgres
--

ALTER TABLE public.posts ALTER COLUMN id ADD GENERATED ALWAYS AS IDENTITY (
    SEQUENCE NAME public.posts_id_seq
    START WITH 1
    INCREMENT BY 1
    NO MINVALUE
    NO MAXVALUE
    CACHE 1
);


--
-- Name: users; Type: TABLE; Schema: public; Owner: postgres
--

CREATE TABLE public.users (
    id integer NOT NULL,
    email character varying(255),
    created_at timestamp without time zone DEFAULT now(),
    updated_at timestamp without time zone DEFAULT now(),
    name character varying(100),
    status boolean DEFAULT false
);


ALTER TABLE public.users OWNER TO postgres;

--
-- Name: users_2; Type: TABLE; Schema: public; Owner: postgres
--

CREATE TABLE public.users_2 (
    id integer,
    email character varying(255),
    password character varying(50),
    created_at timestamp without time zone,
    updated_at timestamp without time zone,
    age integer
);


ALTER TABLE public.users_2 OWNER TO postgres;

--
-- Name: users_courses; Type: TABLE; Schema: public; Owner: postgres
--

CREATE TABLE public.users_courses (
    id integer NOT NULL,
    user_id integer,
    course_id integer
);


ALTER TABLE public.users_courses OWNER TO postgres;

--
-- Name: users_courses_id_seq; Type: SEQUENCE; Schema: public; Owner: postgres
--

ALTER TABLE public.users_courses ALTER COLUMN id ADD GENERATED BY DEFAULT AS IDENTITY (
    SEQUENCE NAME public.users_courses_id_seq
    START WITH 1
    INCREMENT BY 1
    NO MINVALUE
    NO MAXVALUE
    CACHE 1
);


--
-- Name: users_id_seq; Type: SEQUENCE; Schema: public; Owner: postgres
--

ALTER TABLE public.users ALTER COLUMN id ADD GENERATED BY DEFAULT AS IDENTITY (
    SEQUENCE NAME public.users_id_seq
    START WITH 1
    INCREMENT BY 1
    NO MINVALUE
    NO MAXVALUE
    CACHE 1
);


--
-- Data for Name: comments; Type: TABLE DATA; Schema: public; Owner: postgres
--

COPY public.comments (id, subject, content, post_id, user_id, created_at, updated_at) FROM stdin;
1	Subject 1	Subject content 1	1	1	2023-12-25 21:34:28.751605+07	2023-12-25 21:34:28.751605+07
2	Subject 2	Subject content 2	1	2	2023-12-25 21:34:28.751605+07	2023-12-25 21:34:28.751605+07
4	Subject 4	Subject content 4	2	4	2023-12-25 21:34:28.751605+07	2023-12-25 21:34:28.751605+07
6	Subject 5	Subject content 5	1	2	2023-12-28 19:43:46.894058+07	2023-12-28 19:43:46.894058+07
7	Subject 6	Subject content 6	2	2	2023-12-28 20:23:26.788602+07	2023-12-28 20:23:26.788602+07
8	Subject 7	Subject content 7	2	1	2023-12-28 20:23:26.788602+07	2023-12-28 20:23:26.788602+07
\.


--
-- Data for Name: courses; Type: TABLE DATA; Schema: public; Owner: postgres
--

COPY public.courses (id, name, price, created_at, updated_at) FROM stdin;
1	HTML & CSS Pro	501000	2023-12-25 19:29:36.258585	2023-12-25 19:29:36.258585
2	Javascript Pro	502000	2023-12-25 19:29:36.258585	2023-12-25 19:29:36.258585
3	ReactJS Pro	503000	2023-12-25 19:29:36.258585	2023-12-25 19:29:36.258585
4	NextJS Pro	504000	2023-12-25 19:29:36.258585	2023-12-25 19:29:36.258585
5	Laravel Pro	1500000	2023-12-25 19:51:33.726734	2023-12-25 19:51:33.726734
\.


--
-- Data for Name: posts; Type: TABLE DATA; Schema: public; Owner: postgres
--

COPY public.posts (id, title, content, created_at, updated_at) FROM stdin;
1	Post 1	Post content 1	2023-12-25 21:32:00.932111+07	2023-12-25 21:32:00.932111+07
2	Post 2	Post content 2	2023-12-25 21:32:00.932111+07	2023-12-25 21:32:00.932111+07
3	Post 3	Post content 3	2023-12-25 21:32:00.932111+07	2023-12-25 21:32:00.932111+07
4	Post 4	Post content 4	2023-12-25 21:32:00.932111+07	2023-12-25 21:32:00.932111+07
\.


--
-- Data for Name: users; Type: TABLE DATA; Schema: public; Owner: postgres
--

COPY public.users (id, email, created_at, updated_at, name, status) FROM stdin;
1	a@gmail.com	2023-12-25 19:27:50.01589	2023-12-25 19:27:50.01589	Nguyen Van A	t
3	c@gmail.com	2023-12-25 19:27:50.01589	2023-12-25 19:27:50.01589	Nguyen Van C	t
2	b@gmail.com	2023-12-25 19:27:50.01589	2024-01-10 15:34:41.53048	Nguyen Van Baaa	f
4	d@gmail.com	2023-12-25 19:27:50.01589	2024-01-10 15:35:40.293305	Nguyen Van D	f
\.


--
-- Data for Name: users_2; Type: TABLE DATA; Schema: public; Owner: postgres
--

COPY public.users_2 (id, email, password, created_at, updated_at, age) FROM stdin;
1	a@gmail.com	12345	2023-12-25 19:27:50.01589	2023-12-25 19:27:50.01589	25
2	b@gmail.com	54321	2023-12-25 19:27:50.01589	2023-12-25 19:27:50.01589	25
3	c@gmail.com	67890	2023-12-25 19:27:50.01589	2023-12-25 19:27:50.01589	30
4	d@gmail.com	76543	2023-12-25 19:27:50.01589	2023-12-25 19:27:50.01589	22
\.


--
-- Data for Name: users_courses; Type: TABLE DATA; Schema: public; Owner: postgres
--

COPY public.users_courses (id, user_id, course_id) FROM stdin;
1	1	2
2	1	1
3	2	2
4	3	4
5	1	5
\.


--
-- Name: comments_id_seq; Type: SEQUENCE SET; Schema: public; Owner: postgres
--

SELECT pg_catalog.setval('public.comments_id_seq', 8, true);


--
-- Name: courses_id_seq; Type: SEQUENCE SET; Schema: public; Owner: postgres
--

SELECT pg_catalog.setval('public.courses_id_seq', 5, true);


--
-- Name: posts_id_seq; Type: SEQUENCE SET; Schema: public; Owner: postgres
--

SELECT pg_catalog.setval('public.posts_id_seq', 4, true);


--
-- Name: users_courses_id_seq; Type: SEQUENCE SET; Schema: public; Owner: postgres
--

SELECT pg_catalog.setval('public.users_courses_id_seq', 5, true);


--
-- Name: users_id_seq; Type: SEQUENCE SET; Schema: public; Owner: postgres
--

SELECT pg_catalog.setval('public.users_id_seq', 30, true);


--
-- Name: comments comments_pkey; Type: CONSTRAINT; Schema: public; Owner: postgres
--

ALTER TABLE ONLY public.comments
    ADD CONSTRAINT comments_pkey PRIMARY KEY (id);


--
-- Name: courses courses_pkey; Type: CONSTRAINT; Schema: public; Owner: postgres
--

ALTER TABLE ONLY public.courses
    ADD CONSTRAINT courses_pkey PRIMARY KEY (id);


--
-- Name: posts posts_pkey; Type: CONSTRAINT; Schema: public; Owner: postgres
--

ALTER TABLE ONLY public.posts
    ADD CONSTRAINT posts_pkey PRIMARY KEY (id);


--
-- Name: users_courses users_courses_pkey; Type: CONSTRAINT; Schema: public; Owner: postgres
--

ALTER TABLE ONLY public.users_courses
    ADD CONSTRAINT users_courses_pkey PRIMARY KEY (id);


--
-- Name: users users_pkey; Type: CONSTRAINT; Schema: public; Owner: postgres
--

ALTER TABLE ONLY public.users
    ADD CONSTRAINT users_pkey PRIMARY KEY (id);


--
-- Name: comments comments_post_id_foreign; Type: FK CONSTRAINT; Schema: public; Owner: postgres
--

ALTER TABLE ONLY public.comments
    ADD CONSTRAINT comments_post_id_foreign FOREIGN KEY (post_id) REFERENCES public.posts(id) NOT VALID;


--
-- Name: comments comments_user_id_foreign; Type: FK CONSTRAINT; Schema: public; Owner: postgres
--

ALTER TABLE ONLY public.comments
    ADD CONSTRAINT comments_user_id_foreign FOREIGN KEY (user_id) REFERENCES public.users(id) NOT VALID;


--
-- Name: users_courses users_courses_course_id_fkey; Type: FK CONSTRAINT; Schema: public; Owner: postgres
--

ALTER TABLE ONLY public.users_courses
    ADD CONSTRAINT users_courses_course_id_fkey FOREIGN KEY (course_id) REFERENCES public.courses(id);


--
-- Name: users_courses users_courses_user_id_fkey; Type: FK CONSTRAINT; Schema: public; Owner: postgres
--

ALTER TABLE ONLY public.users_courses
    ADD CONSTRAINT users_courses_user_id_fkey FOREIGN KEY (user_id) REFERENCES public.users(id);


--
-- PostgreSQL database dump complete
--

